Team,G,MP,FG,FGA,FG%,3P,3PA,3P%,2P,2PA,2P%,FT,FTA,FT%,ORB,DRB,TRB,AST,STL,BLK,TOV,PF,PTS
Phoenix Suns,82,19780,42.4,88.8,0.477,10.1,25.6,0.393,32.3,63.1,0.512,19.7,26.3,0.748,12.2,33.5,45.8,24.4,7.2,5.7,14.2,19.8,114.5
Seattle SuperSonics,82,19755,39.8,89.8,0.444,9.2,25.2,0.365,30.6,64.6,0.474,23.3,29.5,0.79,14.4,31.9,46.3,20.6,7.6,4.7,15.4,26.9,112.2
Sacramento Kings,82,19855,41.6,90.7,0.459,6.8,18.1,0.374,34.8,72.5,0.48,20.5,26.0,0.787,13.3,31.9,45.2,26.0,8.8,4.1,13.9,21.9,110.5
Dallas Mavericks,82,19730,40.1,87.8,0.457,6.1,16.7,0.364,34.0,71.1,0.479,24.0,30.4,0.789,13.0,33.2,46.2,21.1,9.3,6.0,14.5,24.0,110.3
Miami Heat,82,19980,41.0,84.3,0.486,6.3,16.7,0.377,34.7,67.6,0.513,21.9,32.6,0.672,11.7,34.9,46.7,23.7,7.0,6.3,14.9,24.0,110.2
Minnesota Timberwolves,82,19755,41.5,90.4,0.459,5.4,15.6,0.345,36.1,74.8,0.483,19.8,24.8,0.796,12.9,35.2,48.1,26.2,6.3,6.1,14.7,24.2,108.2
Los Angeles Lakers,82,19780,38.7,88.6,0.437,8.6,24.2,0.355,30.1,64.3,0.467,22.2,28.5,0.777,13.7,33.5,47.3,22.3,6.8,4.6,15.7,24.0,108.1
Boston Celtics,82,19880,39.4,84.3,0.468,5.7,16.2,0.349,33.8,68.1,0.496,23.0,30.1,0.764,11.8,31.6,43.3,23.4,8.6,5.5,16.8,25.9,107.5
San Antonio Spurs,82,19805,39.8,87.9,0.453,6.9,19.0,0.363,32.9,68.9,0.478,20.9,28.9,0.724,13.5,33.9,47.4,24.1,8.4,7.4,15.3,23.4,107.5
Washington Wizards,82,19780,38.6,88.4,0.437,6.7,19.5,0.343,31.9,68.9,0.463,23.3,32.2,0.725,14.7,30.9,45.6,20.3,9.3,4.5,15.2,23.5,107.2
Toronto Raptors,82,19805,38.6,87.0,0.444,8.5,22.0,0.385,30.1,65.0,0.463,21.3,27.5,0.774,11.0,32.0,43.0,21.8,8.1,4.1,14.2,24.5,106.9
Milwaukee Bucks,82,19780,39.6,87.9,0.45,4.3,12.4,0.351,35.3,75.6,0.467,23.0,29.8,0.772,13.2,32.1,45.3,23.0,7.1,3.9,15.1,24.0,106.6
Cleveland Cavaliers,82,19855,40.3,90.1,0.447,4.0,12.2,0.332,36.2,77.9,0.465,22.0,29.3,0.752,15.0,31.7,46.7,24.9,8.8,6.2,15.4,24.9,106.6
Houston Rockets,82,19855,38.8,87.4,0.443,7.5,20.7,0.364,31.2,66.7,0.468,21.1,27.0,0.781,11.9,35.4,47.3,23.6,7.7,5.1,15.5,24.6,106.2
New York Knicks,82,19880,39.7,87.9,0.451,5.9,16.5,0.356,33.8,71.4,0.473,21.0,27.4,0.767,12.8,31.9,44.7,22.2,8.4,3.5,16.0,25.9,106.2
Denver Nuggets,82,19755,39.5,85.9,0.459,4.2,12.2,0.34,35.3,73.7,0.479,22.9,30.0,0.763,12.6,32.1,44.7,25.4,9.7,6.4,15.9,24.4,106.0
Detroit Pistons,82,19955,39.3,88.6,0.444,5.0,14.5,0.345,34.3,74.1,0.463,21.9,29.7,0.739,14.5,34.6,49.1,24.7,7.9,6.9,15.6,22.6,105.6
Los Angeles Clippers,82,20030,39.3,85.6,0.459,3.1,9.0,0.345,36.2,76.6,0.473,23.8,30.6,0.778,13.2,33.0,46.2,25.6,8.1,5.7,17.3,24.5,105.5
Memphis Grizzlies,82,19705,38.6,86.3,0.447,7.3,20.5,0.357,31.3,65.9,0.475,21.0,27.9,0.754,12.2,31.8,44.0,23.6,9.6,6.6,16.5,26.3,105.5
Indiana Pacers,82,19905,36.9,85.3,0.432,7.5,21.8,0.344,29.4,63.5,0.463,24.2,30.5,0.792,12.0,33.4,45.4,20.6,8.5,4.9,16.2,26.1,105.5
Orlando Magic,82,19705,39.0,85.9,0.454,4.1,11.8,0.349,34.9,74.1,0.471,22.8,30.0,0.759,13.3,32.7,46.1,20.4,8.1,5.7,17.0,24.9,104.9
Golden State Warriors,82,19905,39.2,91.0,0.43,8.1,22.9,0.352,31.1,68.1,0.457,18.3,25.3,0.722,13.8,31.5,45.3,23.4,8.3,5.4,14.4,23.7,104.7
Utah Jazz,82,19780,38.8,86.5,0.449,3.4,10.5,0.328,35.4,76.1,0.465,23.6,31.2,0.757,14.4,30.8,45.2,25.1,7.4,5.1,17.7,30.1,104.7
Philadelphia 76ers,82,19855,37.5,85.8,0.437,6.4,18.5,0.348,31.1,67.3,0.462,22.0,27.9,0.789,11.6,32.3,43.9,21.8,9.6,4.1,16.2,23.9,103.5
Portland Trail Blazers,82,19730,39.2,87.0,0.451,5.7,15.7,0.362,33.5,71.3,0.471,19.1,26.3,0.725,13.1,32.6,45.7,23.3,7.9,7.4,17.7,23.1,103.2
New Jersey Nets,82,19905,37.3,86.9,0.429,5.9,16.3,0.362,31.4,70.6,0.444,21.0,27.6,0.763,11.6,32.3,43.9,24.0,8.8,4.2,15.8,26.9,101.4
Chicago Bulls,82,19830,37.3,86.3,0.432,6.7,18.8,0.357,30.6,67.5,0.453,20.1,26.8,0.75,13.1,33.9,47.0,22.8,7.5,4.8,17.9,26.6,101.4
Charlotte Bobcats,82,19880,38.7,89.7,0.432,4.2,11.5,0.363,34.6,78.2,0.442,19.5,27.4,0.709,14.2,30.6,44.7,23.5,9.1,5.8,15.6,24.8,101.1
Atlanta Hawks,82,19855,38.9,88.2,0.441,4.0,12.9,0.312,34.9,75.4,0.463,18.7,26.4,0.711,14.5,30.9,45.4,21.3,8.3,4.5,17.4,26.6,100.6
New Orleans Hornets,82,19930,37.4,90.2,0.415,5.7,18.1,0.315,31.7,72.1,0.44,19.3,25.2,0.766,14.0,31.4,45.4,23.7,7.6,4.3,16.7,25.9,99.7
