Team,Age,W,L,PW,PL,MOV,SOS,SRS,ORtg,DRtg,NRtg,Pace,FTr,3PAr,TS%,Off_eFG%,Off_TOV%,ORB%,Off_FT/FGA,Def_eFG%,Def_TOV%,DRB%,Def_FT/FGA,G,MP,FG,FGA,FG%,3P,3PA,3P%,2P,2PA,2P%,FT,FTA,FT%,ORB,DRB,TRB,AST,STL,BLK,TOV,PF,PTS,Year
San Antonio Spurs,28.5,59.0,23.0,63,19,7.8,0.03,7.84,107.5,98.8,8.7,88.9,0.329,0.216,0.534,0.492,13.2,29.1,0.238,0.452,14.7,73.6,0.236,82,19805,39.8,87.9,0.453,6.9,19.0,0.363,32.9,68.9,0.478,20.9,28.9,0.724,13.5,33.9,47.4,24.1,8.4,7.4,15.3,23.4,107.5,2005
Phoenix Suns,25.2,62.0,20.0,59,23,7.12,-0.04,7.08,114.5,107.1,7.4,95.9,0.296,0.289,0.571,0.534,12.4,27.5,0.222,0.478,12.0,68.3,0.176,82,19780,42.4,88.8,0.477,10.1,25.6,0.393,32.3,63.1,0.512,19.7,26.3,0.748,12.2,33.5,45.8,24.4,7.2,5.7,14.2,19.8,114.5,2005
Miami Heat,28.0,59.0,23.0,59,23,6.52,-0.76,5.77,110.2,103.1,7.1,90.8,0.387,0.198,0.559,0.524,13.1,27.0,0.26,0.46,12.4,74.1,0.242,82,19980,41.0,84.3,0.486,6.3,16.7,0.377,34.7,67.6,0.513,21.9,32.6,0.672,11.7,34.9,46.7,23.7,7.0,6.3,14.9,24.0,110.2,2005
Dallas Mavericks,27.7,58.0,24.0,57,25,5.74,0.11,5.86,110.3,104.1,6.2,92.7,0.346,0.19,0.545,0.492,12.5,28.6,0.273,0.472,14.3,70.2,0.239,82,19730,40.1,87.8,0.457,6.1,16.7,0.364,34.0,71.1,0.479,24.0,30.4,0.789,13.0,33.2,46.2,21.1,9.3,6.0,14.5,24.0,110.3,2005
Houston Rockets,29.7,51.0,31.0,53,29,4.04,0.23,4.27,106.2,101.7,4.5,88.8,0.309,0.237,0.534,0.486,13.5,26.3,0.242,0.459,12.9,74.5,0.245,82,19855,38.8,87.4,0.443,7.5,20.7,0.364,31.2,66.7,0.468,21.1,27.0,0.781,11.9,35.4,47.3,23.6,7.7,5.1,15.5,24.6,106.2,2005
Detroit Pistons,27.9,54.0,28.0,53,29,3.87,-0.55,3.31,105.6,101.2,4.4,87.2,0.335,0.164,0.519,0.472,13.3,31.2,0.247,0.461,13.5,73.0,0.207,82,19955,39.3,88.6,0.444,5.0,14.5,0.345,34.3,74.1,0.463,21.9,29.7,0.739,14.5,34.6,49.1,24.7,7.9,6.9,15.6,22.6,105.6,2005
Seattle SuperSonics,26.0,52.0,30.0,48,34,2.29,0.3,2.59,112.2,109.6,2.6,87.9,0.328,0.281,0.546,0.495,13.0,32.4,0.259,0.496,12.9,71.3,0.249,82,19755,39.8,89.8,0.444,9.2,25.2,0.365,30.6,64.6,0.474,23.3,29.5,0.79,14.4,31.9,46.3,20.6,7.6,4.7,15.4,26.9,112.2,2005
Memphis Grizzlies,26.3,45.0,37.0,48,34,2.29,0.34,2.64,105.5,102.9,2.6,88.5,0.323,0.237,0.535,0.489,14.3,27.1,0.243,0.466,15.4,69.9,0.27,82,19705,38.6,86.3,0.447,7.3,20.5,0.357,31.3,65.9,0.475,21.0,27.9,0.754,12.2,31.8,44.0,23.6,9.6,6.6,16.5,26.3,105.5,2005
Sacramento Kings,27.7,50.0,32.0,47,35,2.16,0.4,2.56,110.5,108.2,2.3,93.0,0.287,0.2,0.541,0.496,12.0,28.8,0.226,0.493,13.3,69.0,0.214,82,19855,41.6,90.7,0.459,6.8,18.1,0.374,34.8,72.5,0.48,20.5,26.0,0.787,13.3,31.9,45.2,26.0,8.8,4.1,13.9,21.9,110.5,2005
Denver Nuggets,26.7,49.0,33.0,47,35,2.02,0.2,2.23,106.0,103.9,2.1,93.5,0.35,0.142,0.535,0.483,13.8,28.4,0.267,0.482,15.1,71.7,0.247,82,19755,39.5,85.9,0.459,4.2,12.2,0.34,35.3,73.7,0.479,22.9,30.0,0.763,12.6,32.1,44.7,25.4,9.7,6.4,15.9,24.4,106.0,2005
Minnesota Timberwolves,29.0,44.0,38.0,45,37,1.45,0.28,1.73,108.2,106.6,1.6,89.1,0.275,0.173,0.534,0.489,12.7,28.6,0.219,0.472,11.2,71.4,0.208,82,19755,41.5,90.4,0.459,5.4,15.6,0.345,36.1,74.8,0.483,19.8,24.8,0.796,12.9,35.2,48.1,26.2,6.3,6.1,14.7,24.2,108.2,2005
Chicago Bulls,25.0,47.0,35.0,44,38,1.06,-0.41,0.65,101.4,100.3,1.1,92.4,0.311,0.217,0.517,0.471,15.5,28.4,0.233,0.454,14.4,72.6,0.262,82,19830,37.3,86.3,0.432,6.7,18.8,0.357,30.6,67.5,0.453,20.1,26.8,0.75,13.1,33.9,47.0,22.8,7.5,4.8,17.9,26.6,101.4,2005
Boston Celtics,27.1,45.0,37.0,43,39,0.87,-0.52,0.35,107.5,106.6,0.9,93.3,0.357,0.192,0.551,0.501,14.7,27.2,0.273,0.481,14.2,70.1,0.274,82,19880,39.4,84.3,0.468,5.7,16.2,0.349,33.8,68.1,0.496,23.0,30.1,0.764,11.8,31.6,43.3,23.4,8.6,5.5,16.8,25.9,107.5,2005
Cleveland Cavaliers,26.5,42.0,40.0,43,39,0.79,-0.52,0.27,106.6,105.7,0.9,89.7,0.325,0.135,0.518,0.47,13.0,32.5,0.244,0.485,14.1,71.5,0.248,82,19855,40.3,90.1,0.447,4.0,12.2,0.332,36.2,77.9,0.465,22.0,29.3,0.752,15.0,31.7,46.7,24.9,8.8,6.2,15.4,24.9,106.6,2005
Indiana Pacers,28.3,44.0,38.0,43,39,0.76,-0.27,0.49,105.5,104.6,0.9,87.2,0.358,0.255,0.534,0.476,14.1,26.4,0.283,0.472,13.6,71.3,0.261,82,19905,36.9,85.3,0.432,7.5,21.8,0.344,29.4,63.5,0.463,24.2,30.5,0.792,12.0,33.4,45.4,20.6,8.5,4.9,16.2,26.1,105.5,2005
Washington Wizards,25.3,45.0,37.0,40,42,-0.33,-0.38,-0.71,107.2,107.5,-0.3,93.3,0.364,0.22,0.523,0.474,12.9,31.1,0.264,0.498,14.6,70.0,0.23,82,19780,38.6,88.4,0.437,6.7,19.5,0.343,31.9,68.9,0.463,23.3,32.2,0.725,14.7,30.9,45.6,20.3,9.3,4.5,15.2,23.5,107.2,2005
Philadelphia 76ers,26.4,43.0,39.0,39,43,-0.74,-0.33,-1.07,103.5,104.3,-0.8,94.9,0.326,0.216,0.528,0.475,14.2,25.4,0.257,0.485,15.4,72.7,0.267,82,19855,37.5,85.8,0.437,6.4,18.5,0.348,31.1,67.3,0.462,22.0,27.9,0.789,11.6,32.3,43.9,21.8,9.6,4.1,16.2,23.9,103.5,2005
Los Angeles Clippers,25.5,37.0,45.0,39,43,-0.77,0.3,-0.47,105.5,106.4,-0.9,89.1,0.357,0.105,0.533,0.477,14.9,30.3,0.278,0.48,13.0,71.3,0.235,82,20030,39.3,85.6,0.459,3.1,9.0,0.345,36.2,76.6,0.473,23.8,30.6,0.778,13.2,33.0,46.2,25.6,8.1,5.7,17.3,24.5,105.5,2005
New Jersey Nets,27.8,42.0,40.0,36,46,-1.5,-0.32,-1.82,101.4,103.1,-1.7,89.1,0.318,0.187,0.512,0.463,13.7,25.5,0.242,0.479,15.2,73.2,0.278,82,19905,37.3,86.9,0.429,5.9,16.3,0.362,31.4,70.6,0.444,21.0,27.6,0.763,11.6,32.3,43.9,24.0,8.8,4.2,15.8,26.9,101.4,2005
Toronto Raptors,27.0,33.0,49.0,36,46,-1.62,-0.19,-1.81,106.9,108.7,-1.8,92.7,0.316,0.253,0.539,0.492,12.5,23.7,0.244,0.499,13.4,71.1,0.24,82,19805,38.6,87.0,0.444,8.5,22.0,0.385,30.1,65.0,0.463,21.3,27.5,0.774,11.0,32.0,43.0,21.8,8.1,4.1,14.2,24.5,106.9,2005
Golden State Warriors,26.7,34.0,48.0,35,47,-2.16,0.42,-1.74,104.7,106.9,-2.2,93.3,0.278,0.252,0.512,0.475,12.3,27.8,0.201,0.491,13.9,69.7,0.227,82,19905,39.2,91.0,0.43,8.1,22.9,0.352,31.1,68.1,0.457,18.3,25.3,0.722,13.8,31.5,45.3,23.4,8.3,5.4,14.4,23.7,104.7,2005
Orlando Magic,26.5,36.0,46.0,35,47,-2.24,-0.27,-2.52,104.9,107.3,-2.4,94.7,0.35,0.137,0.529,0.478,14.6,29.9,0.265,0.484,13.2,71.3,0.255,82,19705,39.0,85.9,0.454,4.1,11.8,0.349,34.9,74.1,0.471,22.8,30.0,0.759,13.3,32.7,46.1,20.4,8.1,5.7,17.0,24.9,104.9,2005
New York Knicks,27.3,33.0,49.0,34,48,-2.44,-0.28,-2.72,106.2,108.9,-2.7,90.7,0.312,0.188,0.531,0.485,13.8,28.3,0.239,0.501,13.8,71.2,0.265,82,19880,39.7,87.9,0.451,5.9,16.5,0.356,33.8,71.4,0.473,21.0,27.4,0.767,12.8,31.9,44.7,22.2,8.4,3.5,16.0,25.9,106.2,2005
Milwaukee Bucks,26.9,30.0,52.0,32,50,-2.99,-0.1,-3.09,106.6,109.8,-3.2,90.8,0.339,0.141,0.527,0.475,13.0,29.0,0.261,0.499,12.4,72.0,0.233,82,19780,39.6,87.9,0.45,4.3,12.4,0.351,35.3,75.6,0.467,23.0,29.8,0.772,13.2,32.1,45.3,23.0,7.1,3.9,15.1,24.0,106.6,2005
Los Angeles Lakers,26.0,34.0,48.0,33,49,-2.96,0.64,-2.32,108.1,111.4,-3.3,90.8,0.322,0.273,0.535,0.485,13.4,29.5,0.251,0.493,11.0,71.1,0.218,82,19780,38.7,88.6,0.437,8.6,24.2,0.355,30.1,64.3,0.467,22.2,28.5,0.777,13.7,33.5,47.3,22.3,6.8,4.6,15.7,24.0,108.1,2005
Portland Trail Blazers,27.0,27.0,55.0,29,53,-4.0,0.55,-3.45,103.2,107.7,-4.5,89.8,0.303,0.181,0.524,0.484,15.2,29.6,0.219,0.479,12.6,67.7,0.204,82,19730,39.2,87.0,0.451,5.7,15.7,0.362,33.5,71.3,0.471,19.1,26.3,0.725,13.1,32.6,45.7,23.3,7.9,7.4,17.7,23.1,103.2,2005
Utah Jazz,25.7,26.0,56.0,29,53,-4.27,0.53,-3.74,104.7,109.5,-4.8,88.4,0.361,0.121,0.522,0.469,15.0,31.9,0.273,0.499,14.2,72.3,0.34,82,19780,38.8,86.5,0.449,3.4,10.5,0.328,35.4,76.1,0.465,23.6,31.2,0.757,14.4,30.8,45.2,25.1,7.4,5.1,17.7,30.1,104.7,2005
Charlotte Bobcats,24.9,18.0,64.0,24,58,-5.99,-0.16,-6.15,101.1,107.5,-6.4,92.3,0.306,0.128,0.497,0.455,13.3,29.5,0.217,0.497,14.7,70.9,0.269,82,19880,38.7,89.7,0.432,4.2,11.5,0.363,34.6,78.2,0.442,19.5,27.4,0.709,14.2,30.6,44.7,23.5,9.1,5.8,15.6,24.8,101.1,2005
New Orleans Hornets,27.5,18.0,64.0,21,61,-7.07,0.78,-6.3,99.7,107.7,-8.0,87.6,0.279,0.201,0.493,0.446,14.2,29.1,0.214,0.491,13.9,70.7,0.261,82,19930,37.4,90.2,0.415,5.7,18.1,0.315,31.7,72.1,0.44,19.3,25.2,0.766,14.0,31.4,45.4,23.7,7.6,4.3,16.7,25.9,99.7,2005
Atlanta Hawks,26.0,13.0,69.0,16,66,-9.71,0.09,-9.62,100.6,111.1,-10.5,91.4,0.299,0.146,0.504,0.464,14.9,30.7,0.212,0.513,14.0,72.1,0.289,82,19855,38.9,88.2,0.441,4.0,12.9,0.312,34.9,75.4,0.463,18.7,26.4,0.711,14.5,30.9,45.4,21.3,8.3,4.5,17.4,26.6,100.6,2005
